Position,Name + ID,Name,ID,Roster Position,Salary,Game Info,TeamAbbrev,AvgPointsPerGame
RB,Christian McCaffrey (16006156),Christian McCaffrey,16006156,RB/FLEX,9200,CAR@WAS 12/27/2020 04:05PM ET,CAR,30.13
WR,Tyreek Hill (16006352),Tyreek Hill,16006352,WR/FLEX,9000,ATL@KC 12/27/2020 01:00PM ET,KC,23.39
QB,Patrick Mahomes (16006097),Patrick Mahomes,16006097,QB,8500,ATL@KC 12/27/2020 01:00PM ET,KC,27.80
WR,Calvin Ridley (16006354),Calvin Ridley,16006354,WR/FLEX,8500,ATL@KC 12/27/2020 01:00PM ET,ATL,21.12
TE,Travis Kelce (16006636),Travis Kelce,16006636,TE/FLEX,8500,ATL@KC 12/27/2020 01:00PM ET,KC,22.07
QB,Lamar Jackson (16006098),Lamar Jackson,16006098,QB,8000,NYG@BAL 12/27/2020 01:00PM ET,BAL,23.40
RB,Nick Chubb (16006158),Nick Chubb,16006158,RB/FLEX,7800,CLE@NYJ 12/27/2020 01:00PM ET,CLE,18.93
WR,DK Metcalf (16006356),DK Metcalf,16006356,WR/FLEX,7800,LAR@SEA 12/27/2020 04:25PM ET,SEA,19.31
RB,David Montgomery (16006160),David Montgomery,16006160,RB/FLEX,7700,CHI@JAX 12/27/2020 01:00PM ET,CHI,17.42
WR,Allen Robinson II (16006358),Allen Robinson II,16006358,WR/FLEX,7700,CHI@JAX 12/27/2020 01:00PM ET,CHI,17.56
RB,Austin Ekeler (16006162),Austin Ekeler,16006162,RB/FLEX,7600,DEN@LAC 12/27/2020 04:05PM ET,LAC,16.55
QB,Deshaun Watson (16006099),Deshaun Watson,16006099,QB,7600,CIN@HOU 12/27/2020 01:00PM ET,HOU,24.91
WR,Keenan Allen (16006360),Keenan Allen,16006360,WR/FLEX,7500,DEN@LAC 12/27/2020 04:05PM ET,LAC,18.51
QB,Justin Herbert (16006100),Justin Herbert,16006100,QB,7400,DEN@LAC 12/27/2020 04:05PM ET,LAC,24.24
RB,Jonathan Taylor (16006164),Jonathan Taylor,16006164,RB/FLEX,7300,IND@PIT 12/27/2020 01:00PM ET,IND,15.54
QB,Russell Wilson (16006101),Russell Wilson,16006101,QB,7300,LAR@SEA 12/27/2020 04:25PM ET,SEA,25.27
WR,Robert Woods (16006362),Robert Woods,16006362,WR/FLEX,7000,LAR@SEA 12/27/2020 04:25PM ET,LAR,16.83
QB,Jalen Hurts (16006102),Jalen Hurts,16006102,QB,7000,PHI@DAL 12/27/2020 04:25PM ET,PHI,6.88
RB,Miles Sanders (16006166),Miles Sanders,16006166,RB/FLEX,7000,PHI@DAL 12/27/2020 04:25PM ET,PHI,14.54
WR,Jarvis Landry (16006364),Jarvis Landry,16006364,WR/FLEX,6900,CLE@NYJ 12/27/2020 01:00PM ET,CLE,12.47
WR,Julio Jones (16006366),Julio Jones,16006366,WR/FLEX,6800,ATL@KC 12/27/2020 01:00PM ET,ATL,17.23
RB,James Robinson (16006168),James Robinson,16006168,RB/FLEX,6800,CHI@JAX 12/27/2020 01:00PM ET,JAX,18.81
WR,Terry McLaurin (16006368),Terry McLaurin,16006368,WR/FLEX,6700,CAR@WAS 12/27/2020 04:05PM ET,WAS,15.49
RB,Ezekiel Elliott (16006170),Ezekiel Elliott,16006170,RB/FLEX,6700,PHI@DAL 12/27/2020 04:25PM ET,DAL,15.28
RB,Antonio Gibson (16006172),Antonio Gibson,16006172,RB/FLEX,6600,CAR@WAS 12/27/2020 04:05PM ET,WAS,15.93
WR,Cooper Kupp (16006370),Cooper Kupp,16006370,WR/FLEX,6600,LAR@SEA 12/27/2020 04:25PM ET,LAR,14.58
RB,Mike Davis (16006174),Mike Davis,16006174,RB/FLEX,6500,CAR@WAS 12/27/2020 04:05PM ET,CAR,14.19
WR,Tyler Lockett (16006372),Tyler Lockett,16006372,WR/FLEX,6500,LAR@SEA 12/27/2020 04:25PM ET,SEA,16.5
RB,Tony Pollard (16006176),Tony Pollard,16006176,RB/FLEX,6500,PHI@DAL 12/27/2020 04:25PM ET,DAL,7.96
RB,J.D. McKissic (16006180),J.D. McKissic,16006180,RB/FLEX,6400,CAR@WAS 12/27/2020 04:05PM ET,WAS,11.51
QB,Ben Roethlisberger (16006103),Ben Roethlisberger,16006103,QB,6400,IND@PIT 12/27/2020 01:00PM ET,PIT,18.91
RB,Chris Carson (16006178),Chris Carson,16006178,RB/FLEX,6400,LAR@SEA 12/27/2020 04:25PM ET,SEA,16.66
WR,Diontae Johnson (16006374),Diontae Johnson,16006374,WR/FLEX,6300,IND@PIT 12/27/2020 01:00PM ET,PIT,14.97
RB,Cam Akers (16006182),Cam Akers,16006182,RB/FLEX,6300,LAR@SEA 12/27/2020 04:25PM ET,LAR,8.56
RB,J.K. Dobbins (16006184),J.K. Dobbins,16006184,RB/FLEX,6200,NYG@BAL 12/27/2020 01:00PM ET,BAL,9.98
WR,Brandin Cooks (16006376),Brandin Cooks,16006376,WR/FLEX,6200,CIN@HOU 12/27/2020 01:00PM ET,HOU,12.95
QB,Baker Mayfield (16006104),Baker Mayfield,16006104,QB,6100,CLE@NYJ 12/27/2020 01:00PM ET,CLE,17.17
RB,David Johnson (16006186),David Johnson,16006186,RB/FLEX,6100,CIN@HOU 12/27/2020 01:00PM ET,HOU,13.36
WR,JuJu Smith-Schuster (16006378),JuJu Smith-Schuster,16006378,WR/FLEX,6000,IND@PIT 12/27/2020 01:00PM ET,PIT,13.71
RB,Clyde Edwards-Helaire (16006188),Clyde Edwards-Helaire,16006188,RB/FLEX,6000,ATL@KC 12/27/2020 01:00PM ET,KC,14
WR,Chase Claypool (16006380),Chase Claypool,16006380,WR/FLEX,5900,IND@PIT 12/27/2020 01:00PM ET,PIT,13.46
RB,Kareem Hunt (16006190),Kareem Hunt,16006190,RB/FLEX,5900,CLE@NYJ 12/27/2020 01:00PM ET,CLE,14.44
QB,Jared Goff (16006105),Jared Goff,16006105,QB,5900,LAR@SEA 12/27/2020 04:25PM ET,LAR,18.88
WR,DJ Moore (16006382),DJ Moore,16006382,WR/FLEX,5800,CAR@WAS 12/27/2020 04:05PM ET,CAR,15.13
RB,James Conner (16006192),James Conner,16006192,RB/FLEX,5800,IND@PIT 12/27/2020 01:00PM ET,PIT,13.16
QB,Matt Ryan (16006106),Matt Ryan,16006106,QB,5800,ATL@KC 12/27/2020 01:00PM ET,ATL,18.92
RB,Le'Veon Bell (16006194),Le'Veon Bell,16006194,RB/FLEX,5800,ATL@KC 12/27/2020 01:00PM ET,KC,6.97
RB,Wayne Gallman Jr. (16006196),Wayne Gallman Jr.,16006196,RB/FLEX,5700,NYG@BAL 12/27/2020 01:00PM ET,NYG,10.48
WR,Marquise Brown (16006386),Marquise Brown,16006386,WR/FLEX,5700,NYG@BAL 12/27/2020 01:00PM ET,BAL,10.89
TE,Mark Andrews (16006638),Mark Andrews,16006638,TE/FLEX,5700,NYG@BAL 12/27/2020 01:00PM ET,BAL,12.48
QB,Mitchell Trubisky (16006107),Mitchell Trubisky,16006107,QB,5700,CHI@JAX 12/27/2020 01:00PM ET,CHI,15.99
WR,Amari Cooper (16006384),Amari Cooper,16006384,WR/FLEX,5700,PHI@DAL 12/27/2020 04:25PM ET,DAL,15.69
QB,Philip Rivers (16006108),Philip Rivers,16006108,QB,5600,IND@PIT 12/27/2020 01:00PM ET,IND,16.91
RB,Melvin Gordon III (16006198),Melvin Gordon III,16006198,RB/FLEX,5600,DEN@LAC 12/27/2020 04:05PM ET,DEN,13.81
WR,Robby Anderson (16006388),Robby Anderson,16006388,WR/FLEX,5500,CAR@WAS 12/27/2020 04:05PM ET,CAR,15.01
WR,T.Y. Hilton (16006390),T.Y. Hilton,16006390,WR/FLEX,5500,IND@PIT 12/27/2020 01:00PM ET,IND,11.12
RB,Joe Mixon (16006200),Joe Mixon,16006200,RB/FLEX,5500,CIN@HOU 12/27/2020 01:00PM ET,CIN,17.27
QB,Andy Dalton (16006109),Andy Dalton,16006109,QB,5500,PHI@DAL 12/27/2020 04:25PM ET,DAL,11.64
WR,Keke Coutee (16006392),Keke Coutee,16006392,WR/FLEX,5400,CIN@HOU 12/27/2020 01:00PM ET,HOU,11.27
QB,Carson Wentz (16006110),Carson Wentz,16006110,QB,5400,PHI@DAL 12/27/2020 04:25PM ET,PHI,18.37
QB,Teddy Bridgewater (16006112),Teddy Bridgewater,16006112,QB,5300,CAR@WAS 12/27/2020 04:05PM ET,CAR,19.07
RB,Benny Snell Jr. (16006204),Benny Snell Jr.,16006204,RB/FLEX,5300,IND@PIT 12/27/2020 01:00PM ET,PIT,5.99
QB,Tyrod Taylor (16006111),Tyrod Taylor,16006111,QB,5300,DEN@LAC 12/27/2020 04:05PM ET,LAC,4.51
RB,Carlos Hyde (16006202),Carlos Hyde,16006202,RB/FLEX,5300,LAR@SEA 12/27/2020 04:25PM ET,SEA,9.03
WR,CeeDee Lamb (16006394),CeeDee Lamb,16006394,WR/FLEX,5300,PHI@DAL 12/27/2020 04:25PM ET,DAL,13.69
QB,Alex Smith (16006114),Alex Smith,16006114,QB,5200,CAR@WAS 12/27/2020 04:05PM ET,WAS,10.44
QB,Dwayne Haskins Jr. (16006115),Dwayne Haskins Jr.,16006115,QB,5200,CAR@WAS 12/27/2020 04:05PM ET,WAS,13
QB,Gardner Minshew II (16006113),Gardner Minshew II,16006113,QB,5200,CHI@JAX 12/27/2020 01:00PM ET,JAX,19.85
WR,Russell Gage (16006396),Russell Gage,16006396,WR/FLEX,5100,ATL@KC 12/27/2020 01:00PM ET,ATL,10.90
QB,Nick Foles (16006116),Nick Foles,16006116,QB,5100,CHI@JAX 12/27/2020 01:00PM ET,CHI,14.42
RB,Nyheim Hines (16006206),Nyheim Hines,16006206,RB/FLEX,5000,IND@PIT 12/27/2020 01:00PM ET,IND,12.15
WR,Sammy Watkins (16006398),Sammy Watkins,16006398,WR/FLEX,5000,ATL@KC 12/27/2020 01:00PM ET,KC,9.67
QB,Drew Lock (16006118),Drew Lock,16006118,QB,5000,DEN@LAC 12/27/2020 04:05PM ET,DEN,14.73
QB,Sam Darnold (16006117),Sam Darnold,16006117,QB,5000,CLE@NYJ 12/27/2020 01:00PM ET,NYJ,11.71
QB,Daniel Jones (16006119),Daniel Jones,16006119,QB,5000,NYG@BAL 12/27/2020 01:00PM ET,NYG,13.73
QB,Colt McCoy (16006120),Colt McCoy,16006120,QB,5000,NYG@BAL 12/27/2020 01:00PM ET,NYG,5.05
RB,Duke Johnson (16006208),Duke Johnson,16006208,RB/FLEX,5000,CIN@HOU 12/27/2020 01:00PM ET,HOU,7.86
WR,Curtis Samuel (16006402),Curtis Samuel,16006402,WR/FLEX,4900,CAR@WAS 12/27/2020 04:05PM ET,CAR,13.48
TE,Logan Thomas (16006640),Logan Thomas,16006640,TE/FLEX,4900,CAR@WAS 12/27/2020 04:05PM ET,WAS,10.97
QB,Joe Flacco (16006121),Joe Flacco,16006121,QB,4900,CLE@NYJ 12/27/2020 01:00PM ET,NYJ,11.55
WR,Tyler Boyd (16006400),Tyler Boyd,16006400,WR/FLEX,4900,CIN@HOU 12/27/2020 01:00PM ET,CIN,14.03
RB,Boston Scott (16006210),Boston Scott,16006210,RB/FLEX,4900,PHI@DAL 12/27/2020 04:25PM ET,PHI,6
QB,Brett Rypien (16006126),Brett Rypien,16006126,QB,4800,DEN@LAC 12/27/2020 04:05PM ET,DEN,7.65
TE,Noah Fant (16006642),Noah Fant,16006642,TE/FLEX,4800,DEN@LAC 12/27/2020 04:05PM ET,DEN,10.67
QB,Case Keenum (16006125),Case Keenum,16006125,QB,4800,CLE@NYJ 12/27/2020 01:00PM ET,CLE,1.84
WR,Rashard Higgins (16006406),Rashard Higgins,16006406,WR/FLEX,4800,CLE@NYJ 12/27/2020 01:00PM ET,CLE,10.58
QB,Brandon Allen (16006122),Brandon Allen,16006122,QB,4800,CIN@HOU 12/27/2020 01:00PM ET,CIN,10.48
QB,Ryan Finley (16006127),Ryan Finley,16006127,QB,4800,CIN@HOU 12/27/2020 01:00PM ET,CIN,4.23
RB,Giovani Bernard (16006212),Giovani Bernard,16006212,RB/FLEX,4800,CIN@HOU 12/27/2020 01:00PM ET,CIN,9.88
QB,Mike Glennon (16006124),Mike Glennon,16006124,QB,4800,CHI@JAX 12/27/2020 01:00PM ET,JAX,11.83
WR,DJ Chark Jr. (16006404),DJ Chark Jr.,16006404,WR/FLEX,4800,CHI@JAX 12/27/2020 01:00PM ET,JAX,11.7
QB,Ben DiNucci (16006123),Ben DiNucci,16006123,QB,4800,PHI@DAL 12/27/2020 04:25PM ET,DAL,4.48
RB,Todd Gurley II (16006214),Todd Gurley II,16006214,RB/FLEX,4700,ATL@KC 12/27/2020 01:00PM ET,ATL,11.82
TE,Hunter Henry (16006644),Hunter Henry,16006644,TE/FLEX,4700,DEN@LAC 12/27/2020 04:05PM ET,LAC,10.38
WR,Tee Higgins (16006408),Tee Higgins,16006408,WR/FLEX,4700,CIN@HOU 12/27/2020 01:00PM ET,CIN,13.82
QB,Garrett Gilbert (16006128),Garrett Gilbert,16006128,QB,4700,PHI@DAL 12/27/2020 04:25PM ET,DAL,15.52
WR,Jalen Reagor (16006416),Jalen Reagor,16006416,WR/FLEX,4600,PHI@DAL 12/27/2020 04:25PM ET,PHI,8.74
QB,P.J. Walker (16006130),P.J. Walker,16006130,QB,4500,CAR@WAS 12/27/2020 04:05PM ET,CAR,4.24
WR,Mike Williams (16006414),Mike Williams,16006414,WR/FLEX,4500,DEN@LAC 12/27/2020 04:05PM ET,LAC,10.38
RB,Ty Johnson (16006216),Ty Johnson,16006216,RB/FLEX,4500,CLE@NYJ 12/27/2020 01:00PM ET,NYJ,5.62
WR,Jamison Crowder (16006412),Jamison Crowder,16006412,WR/FLEX,4500,CLE@NYJ 12/27/2020 01:00PM ET,NYJ,14.46
RB,Devonta Freeman (16006218),Devonta Freeman,16006218,RB/FLEX,4500,NYG@BAL 12/27/2020 01:00PM ET,NYG,7.2
WR,Sterling Shepard (16006410),Sterling Shepard,16006410,WR/FLEX,4500,NYG@BAL 12/27/2020 01:00PM ET,NYG,10.62
QB,John Wolford (16006129),John Wolford,16006129,QB,4500,LAR@SEA 12/27/2020 04:25PM ET,LAR,0
RB,Darrell Henderson Jr. (16006220),Darrell Henderson Jr.,16006220,RB/FLEX,4500,LAR@SEA 12/27/2020 04:25PM ET,LAR,9.08
RB,Peyton Barber (16006224),Peyton Barber,16006224,RB/FLEX,4400,CAR@WAS 12/27/2020 04:05PM ET,WAS,4.42
QB,Chad Henne (16006132),Chad Henne,16006132,QB,4400,ATL@KC 12/27/2020 01:00PM ET,KC,3.5
QB,Jeff Driskel (16006131),Jeff Driskel,16006131,QB,4400,DEN@LAC 12/27/2020 04:05PM ET,DEN,10.69
RB,Gus Edwards (16006222),Gus Edwards,16006222,RB/FLEX,4400,NYG@BAL 12/27/2020 01:00PM ET,BAL,7.86
WR,Chad Hansen (16006418),Chad Hansen,16006418,WR/FLEX,4400,CIN@HOU 12/27/2020 01:00PM ET,HOU,14.73
QB,Will Grier (16006134),Will Grier,16006134,QB,4300,CAR@WAS 12/27/2020 04:05PM ET,CAR,0
QB,Jake Luton (16006133),Jake Luton,16006133,QB,4300,CHI@JAX 12/27/2020 01:00PM ET,JAX,12.42
WR,Michael Pittman Jr. (16006420),Michael Pittman Jr.,16006420,WR/FLEX,4200,IND@PIT 12/27/2020 01:00PM ET,IND,8.19
TE,Eric Ebron (16006646),Eric Ebron,16006646,TE/FLEX,4200,IND@PIT 12/27/2020 01:00PM ET,PIT,9.08
QB,Matt Schaub (16006136),Matt Schaub,16006136,QB,4200,ATL@KC 12/27/2020 01:00PM ET,ATL,-0.4
RB,Darrel Williams (16006232),Darrel Williams,16006232,RB/FLEX,4200,ATL@KC 12/27/2020 01:00PM ET,KC,3.82
RB,Phillip Lindsay (16006228),Phillip Lindsay,16006228,RB/FLEX,4200,DEN@LAC 12/27/2020 04:05PM ET,DEN,6.27
WR,Tim Patrick (16006422),Tim Patrick,16006422,WR/FLEX,4200,DEN@LAC 12/27/2020 04:05PM ET,DEN,12.05
RB,Frank Gore (16006230),Frank Gore,16006230,RB/FLEX,4200,CLE@NYJ 12/27/2020 01:00PM ET,NYJ,6.78
RB,Mark Ingram II (16006226),Mark Ingram II,16006226,RB/FLEX,4200,NYG@BAL 12/27/2020 01:00PM ET,BAL,5.44
QB,AJ McCarron (16006135),AJ McCarron,16006135,QB,4200,CIN@HOU 12/27/2020 01:00PM ET,HOU,0
QB,Mason Rudolph (16006141),Mason Rudolph,16006141,QB,4100,IND@PIT 12/27/2020 01:00PM ET,PIT,-0.11
QB,Jacoby Brissett (16006142),Jacoby Brissett,16006142,QB,4100,IND@PIT 12/27/2020 01:00PM ET,IND,2.24
RB,Anthony McFarland Jr. (16006234),Anthony McFarland Jr.,16006234,RB/FLEX,4100,IND@PIT 12/27/2020 01:00PM ET,PIT,2.1
QB,Tyler Huntley (16006138),Tyler Huntley,16006138,QB,4100,NYG@BAL 12/27/2020 01:00PM ET,BAL,2.08
QB,Robert Griffin III (16006139),Robert Griffin III,16006139,QB,4100,NYG@BAL 12/27/2020 01:00PM ET,BAL,1.40
QB,Trace McSorley (16006140),Trace McSorley,16006140,QB,4100,NYG@BAL 12/27/2020 01:00PM ET,BAL,4.65
QB,Geno Smith (16006137),Geno Smith,16006137,QB,4100,LAR@SEA 12/27/2020 04:25PM ET,SEA,1.12
WR,Michael Gallup (16006424),Michael Gallup,16006424,WR/FLEX,4100,PHI@DAL 12/27/2020 04:25PM ET,DAL,9.81
QB,Steven Montez (16006153),Steven Montez,16006153,QB,4000,CAR@WAS 12/27/2020 04:05PM ET,WAS,0
QB,Taylor Heinicke (16006154),Taylor Heinicke,16006154,QB,4000,CAR@WAS 12/27/2020 04:05PM ET,WAS,0
QB,Kyle Allen (16006155),Kyle Allen,16006155,QB,4000,CAR@WAS 12/27/2020 04:05PM ET,WAS,11.75
RB,Rodney Smith (16006338),Rodney Smith,16006338,RB/FLEX,4000,CAR@WAS 12/27/2020 04:05PM ET,CAR,3.86
RB,Trenton Cannon (16006340),Trenton Cannon,16006340,RB/FLEX,4000,CAR@WAS 12/27/2020 04:05PM ET,CAR,0.79
RB,Reggie Bonnafon (16006342),Reggie Bonnafon,16006342,RB/FLEX,4000,CAR@WAS 12/27/2020 04:05PM ET,CAR,8.35
RB,Alex Armah (16006344),Alex Armah,16006344,RB/FLEX,4000,CAR@WAS 12/27/2020 04:05PM ET,CAR,0.67
RB,Mike Warren (16006346),Mike Warren,16006346,RB/FLEX,4000,CAR@WAS 12/27/2020 04:05PM ET,WAS,0
RB,Lamar Miller (16006348),Lamar Miller,16006348,RB/FLEX,4000,CAR@WAS 12/27/2020 04:05PM ET,WAS,2.6
RB,Bryce Love (16006350),Bryce Love,16006350,RB/FLEX,4000,CAR@WAS 12/27/2020 04:05PM ET,WAS,0
QB,Josh Dobbs (16006151),Josh Dobbs,16006151,QB,4000,IND@PIT 12/27/2020 01:00PM ET,PIT,0
QB,Jacob Eason (16006152),Jacob Eason,16006152,QB,4000,IND@PIT 12/27/2020 01:00PM ET,IND,0
RB,Jaylen Samuels (16006328),Jaylen Samuels,16006328,RB/FLEX,4000,IND@PIT 12/27/2020 01:00PM ET,PIT,1.82
RB,Trey Edmunds (16006330),Trey Edmunds,16006330,RB/FLEX,4000,IND@PIT 12/27/2020 01:00PM ET,PIT,0
RB,Derek Watt (16006332),Derek Watt,16006332,RB/FLEX,4000,IND@PIT 12/27/2020 01:00PM ET,PIT,0
RB,Jordan Wilkins (16006334),Jordan Wilkins,16006334,RB/FLEX,4000,IND@PIT 12/27/2020 01:00PM ET,IND,5.11
RB,Marlon Mack (16006336),Marlon Mack,16006336,RB/FLEX,4000,IND@PIT 12/27/2020 01:00PM ET,IND,8.6
RB,Darwin Thompson (16006316),Darwin Thompson,16006316,RB/FLEX,4000,ATL@KC 12/27/2020 01:00PM ET,KC,1.05
RB,Anthony Sherman (16006318),Anthony Sherman,16006318,RB/FLEX,4000,ATL@KC 12/27/2020 01:00PM ET,KC,1.28
RB,Brian Hill (16006320),Brian Hill,16006320,RB/FLEX,4000,ATL@KC 12/27/2020 01:00PM ET,ATL,5.05
RB,Ito Smith (16006322),Ito Smith,16006322,RB/FLEX,4000,ATL@KC 12/27/2020 01:00PM ET,ATL,4.05
RB,Qadree Ollison (16006324),Qadree Ollison,16006324,RB/FLEX,4000,ATL@KC 12/27/2020 01:00PM ET,ATL,0.3
RB,Keith Smith (16006326),Keith Smith,16006326,RB/FLEX,4000,ATL@KC 12/27/2020 01:00PM ET,ATL,1.09
QB,Easton Stick (16006150),Easton Stick,16006150,QB,4000,DEN@LAC 12/27/2020 04:05PM ET,LAC,-0.04
RB,Kalen Ballage (16006306),Kalen Ballage,16006306,RB/FLEX,4000,DEN@LAC 12/27/2020 04:05PM ET,LAC,8.86
RB,Joshua Kelley (16006308),Joshua Kelley,16006308,RB/FLEX,4000,DEN@LAC 12/27/2020 04:05PM ET,LAC,6.4
RB,Justin Jackson (16006310),Justin Jackson,16006310,RB/FLEX,4000,DEN@LAC 12/27/2020 04:05PM ET,LAC,8.58
RB,Gabe Nabers (16006312),Gabe Nabers,16006312,RB/FLEX,4000,DEN@LAC 12/27/2020 04:05PM ET,LAC,1.87
RB,Royce Freeman (16006314),Royce Freeman,16006314,RB/FLEX,4000,DEN@LAC 12/27/2020 04:05PM ET,DEN,3.29
WR,Tyron Johnson (16006428),Tyron Johnson,16006428,WR/FLEX,4000,DEN@LAC 12/27/2020 04:05PM ET,LAC,7.6
QB,James Morgan (16006149),James Morgan,16006149,QB,4000,CLE@NYJ 12/27/2020 01:00PM ET,NYJ,0
RB,Josh Adams (16006298),Josh Adams,16006298,RB/FLEX,4000,CLE@NYJ 12/27/2020 01:00PM ET,NYJ,3.78
RB,La'Mical Perine (16006300),La'Mical Perine,16006300,RB/FLEX,4000,CLE@NYJ 12/27/2020 01:00PM ET,NYJ,5.23
RB,D'Ernest Johnson (16006302),D'Ernest Johnson,16006302,RB/FLEX,4000,CLE@NYJ 12/27/2020 01:00PM ET,CLE,1.75
RB,Andy Janovich (16006304),Andy Janovich,16006304,RB/FLEX,4000,CLE@NYJ 12/27/2020 01:00PM ET,CLE,0.62
QB,Clayton Thorson (16006147),Clayton Thorson,16006147,QB,4000,NYG@BAL 12/27/2020 01:00PM ET,NYG,0
QB,Joe Webb III (16006148),Joe Webb III,16006148,QB,4000,NYG@BAL 12/27/2020 01:00PM ET,NYG,0
RB,Justice Hill (16006286),Justice Hill,16006286,RB/FLEX,4000,NYG@BAL 12/27/2020 01:00PM ET,BAL,1.21
RB,Patrick Ricard (16006288),Patrick Ricard,16006288,RB/FLEX,4000,NYG@BAL 12/27/2020 01:00PM ET,BAL,2.04
RB,Dion Lewis (16006290),Dion Lewis,16006290,RB/FLEX,4000,NYG@BAL 12/27/2020 01:00PM ET,NYG,4.07
RB,Alfred Morris (16006292),Alfred Morris,16006292,RB/FLEX,4000,NYG@BAL 12/27/2020 01:00PM ET,NYG,5.31
RB,Saquon Barkley (16006294),Saquon Barkley,16006294,RB/FLEX,4000,NYG@BAL 12/27/2020 01:00PM ET,NYG,7.7
RB,Elijhaa Penny (16006296),Elijhaa Penny,16006296,RB/FLEX,4000,NYG@BAL 12/27/2020 01:00PM ET,NYG,0.61
DST,Ravens  (16006812),Ravens ,16006812,DST,4000,NYG@BAL 12/27/2020 01:00PM ET,BAL,8.57
QB,Joe Burrow (16006145),Joe Burrow,16006145,QB,4000,CIN@HOU 12/27/2020 01:00PM ET,CIN,19.77
QB,Josh McCown (16006146),Josh McCown,16006146,QB,4000,CIN@HOU 12/27/2020 01:00PM ET,HOU,0
RB,Samaje Perine (16006236),Samaje Perine,16006236,RB/FLEX,4000,CIN@HOU 12/27/2020 01:00PM ET,CIN,2.82
RB,Trayveon Williams (16006276),Trayveon Williams,16006276,RB/FLEX,4000,CIN@HOU 12/27/2020 01:00PM ET,CIN,3.35
RB,Buddy Howell (16006278),Buddy Howell,16006278,RB/FLEX,4000,CIN@HOU 12/27/2020 01:00PM ET,HOU,1.54
RB,C.J. Prosise (16006280),C.J. Prosise,16006280,RB/FLEX,4000,CIN@HOU 12/27/2020 01:00PM ET,HOU,2.74
RB,Scottie Phillips (16006282),Scottie Phillips,16006282,RB/FLEX,4000,CIN@HOU 12/27/2020 01:00PM ET,HOU,2.6
RB,Dontrell Hilliard (16006284),Dontrell Hilliard,16006284,RB/FLEX,4000,CIN@HOU 12/27/2020 01:00PM ET,HOU,2
RB,Dare Ogunbowale (16006260),Dare Ogunbowale,16006260,RB/FLEX,4000,CHI@JAX 12/27/2020 01:00PM ET,JAX,0.99
RB,Devine Ozigbo (16006262),Devine Ozigbo,16006262,RB/FLEX,4000,CHI@JAX 12/27/2020 01:00PM ET,JAX,2.38
RB,Nathan Cottrell (16006264),Nathan Cottrell,16006264,RB/FLEX,4000,CHI@JAX 12/27/2020 01:00PM ET,JAX,0
RB,Ryquell Armstead (16006266),Ryquell Armstead,16006266,RB/FLEX,4000,CHI@JAX 12/27/2020 01:00PM ET,JAX,0
RB,Chris Thompson (16006268),Chris Thompson,16006268,RB/FLEX,4000,CHI@JAX 12/27/2020 01:00PM ET,JAX,7.1
RB,Ryan Nall (16006270),Ryan Nall,16006270,RB/FLEX,4000,CHI@JAX 12/27/2020 01:00PM ET,CHI,2.59
RB,Artavis Pierce (16006272),Artavis Pierce,16006272,RB/FLEX,4000,CHI@JAX 12/27/2020 01:00PM ET,CHI,0.45
RB,Tarik Cohen (16006274),Tarik Cohen,16006274,RB/FLEX,4000,CHI@JAX 12/27/2020 01:00PM ET,CHI,5.83
WR,Darnell Mooney (16006426),Darnell Mooney,16006426,WR/FLEX,4000,CHI@JAX 12/27/2020 01:00PM ET,CHI,8.84
RB,Rashaad Penny (16006246),Rashaad Penny,16006246,RB/FLEX,4000,LAR@SEA 12/27/2020 04:25PM ET,SEA,0.6
RB,DeeJay Dallas (16006248),DeeJay Dallas,16006248,RB/FLEX,4000,LAR@SEA 12/27/2020 04:25PM ET,SEA,6.32
RB,Travis Homer (16006250),Travis Homer,16006250,RB/FLEX,4000,LAR@SEA 12/27/2020 04:25PM ET,SEA,3.64
RB,Nick Bellore (16006252),Nick Bellore,16006252,RB/FLEX,4000,LAR@SEA 12/27/2020 04:25PM ET,SEA,0.34
RB,Malcolm Brown (16006254),Malcolm Brown,16006254,RB/FLEX,4000,LAR@SEA 12/27/2020 04:25PM ET,LAR,7.34
RB,Xavier Jones (16006256),Xavier Jones,16006256,RB/FLEX,4000,LAR@SEA 12/27/2020 04:25PM ET,LAR,0
RB,Raymond Calais (16006258),Raymond Calais,16006258,RB/FLEX,4000,LAR@SEA 12/27/2020 04:25PM ET,LAR,0
TE,Tyler Higbee (16006648),Tyler Higbee,16006648,TE/FLEX,4000,LAR@SEA 12/27/2020 04:25PM ET,LAR,8.82
QB,Nate Sudfeld (16006143),Nate Sudfeld,16006143,QB,4000,PHI@DAL 12/27/2020 04:25PM ET,PHI,0
QB,Dak Prescott (16006144),Dak Prescott,16006144,QB,4000,PHI@DAL 12/27/2020 04:25PM ET,DAL,30.33
RB,Corey Clement (16006238),Corey Clement,16006238,RB/FLEX,4000,PHI@DAL 12/27/2020 04:25PM ET,PHI,2.13
RB,Jason Huntley (16006240),Jason Huntley,16006240,RB/FLEX,4000,PHI@DAL 12/27/2020 04:25PM ET,PHI,0.47
RB,Rico Dowdle (16006242),Rico Dowdle,16006242,RB/FLEX,4000,PHI@DAL 12/27/2020 04:25PM ET,DAL,0.6
RB,Sewo Olonilua (16006244),Sewo Olonilua,16006244,RB/FLEX,4000,PHI@DAL 12/27/2020 04:25PM ET,DAL,0
WR,Greg Ward (16006430),Greg Ward,16006430,WR/FLEX,4000,PHI@DAL 12/27/2020 04:25PM ET,PHI,9.01
WR,Demarcus Robinson (16006432),Demarcus Robinson,16006432,WR/FLEX,3900,ATL@KC 12/27/2020 01:00PM ET,KC,6.61
WR,Willie Snead IV (16006434),Willie Snead IV,16006434,WR/FLEX,3900,NYG@BAL 12/27/2020 01:00PM ET,BAL,7.73
TE,Evan Engram (16006650),Evan Engram,16006650,TE/FLEX,3900,NYG@BAL 12/27/2020 01:00PM ET,NYG,9.09
WR,Zach Pascal (16006440),Zach Pascal,16006440,WR/FLEX,3800,IND@PIT 12/27/2020 01:00PM ET,IND,8.24
WR,Breshad Perriman (16006438),Breshad Perriman,16006438,WR/FLEX,3800,CLE@NYJ 12/27/2020 01:00PM ET,NYJ,9.01
WR,Darius Slayton (16006436),Darius Slayton,16006436,WR/FLEX,3800,NYG@BAL 12/27/2020 01:00PM ET,NYG,9.94
WR,Jerry Jeudy (16006446),Jerry Jeudy,16006446,WR/FLEX,3700,DEN@LAC 12/27/2020 04:05PM ET,DEN,8.68
WR,Donovan Peoples-Jones (16006444),Donovan Peoples-Jones,16006444,WR/FLEX,3700,CLE@NYJ 12/27/2020 01:00PM ET,CLE,5.12
DST,Browns  (16006813),Browns ,16006813,DST,3700,CLE@NYJ 12/27/2020 01:00PM ET,CLE,6.14
WR,Laviska Shenault Jr. (16006442),Laviska Shenault Jr.,16006442,WR/FLEX,3700,CHI@JAX 12/27/2020 01:00PM ET,JAX,9.72
WR,James Washington (16006448),James Washington,16006448,WR/FLEX,3600,IND@PIT 12/27/2020 01:00PM ET,PIT,6.8
WR,Denzel Mims (16006450),Denzel Mims,16006450,WR/FLEX,3600,CLE@NYJ 12/27/2020 01:00PM ET,NYJ,8.31
DST,Bears  (16006814),Bears ,16006814,DST,3600,CHI@JAX 12/27/2020 01:00PM ET,CHI,6.21
TE,Dallas Goedert (16006652),Dallas Goedert,16006652,TE/FLEX,3600,PHI@DAL 12/27/2020 04:25PM ET,PHI,11.26
DST,Steelers  (16006815),Steelers ,16006815,DST,3500,IND@PIT 12/27/2020 01:00PM ET,PIT,9.64
TE,Austin Hooper (16006654),Austin Hooper,16006654,TE/FLEX,3500,CLE@NYJ 12/27/2020 01:00PM ET,CLE,7.79
WR,Keelan Cole Sr. (16006454),Keelan Cole Sr.,16006454,WR/FLEX,3500,CHI@JAX 12/27/2020 01:00PM ET,JAX,10.54
WR,Travis Fulgham (16006452),Travis Fulgham,16006452,WR/FLEX,3500,PHI@DAL 12/27/2020 04:25PM ET,PHI,11.17
TE,Hayden Hurst (16006656),Hayden Hurst,16006656,TE/FLEX,3400,ATL@KC 12/27/2020 01:00PM ET,ATL,8.61
DST,Chiefs  (16006816),Chiefs ,16006816,DST,3400,ATL@KC 12/27/2020 01:00PM ET,KC,7.29
WR,Golden Tate (16006458),Golden Tate,16006458,WR/FLEX,3400,NYG@BAL 12/27/2020 01:00PM ET,NYG,7.21
WR,A.J. Green (16006456),A.J. Green,16006456,WR/FLEX,3400,CIN@HOU 12/27/2020 01:00PM ET,CIN,7.21
WR,Cam Sims (16006460),Cam Sims,16006460,WR/FLEX,3300,CAR@WAS 12/27/2020 04:05PM ET,WAS,5.88
DST,Chargers  (16006817),Chargers ,16006817,DST,3300,DEN@LAC 12/27/2020 04:05PM ET,LAC,4.5
TE,Jordan Akins (16006658),Jordan Akins,16006658,TE/FLEX,3300,CIN@HOU 12/27/2020 01:00PM ET,HOU,6.72
TE,Vance McDonald (16006666),Vance McDonald,16006666,TE/FLEX,3200,IND@PIT 12/27/2020 01:00PM ET,PIT,1.89
DST,Colts  (16006818),Colts ,16006818,DST,3200,IND@PIT 12/27/2020 01:00PM ET,IND,9.71
WR,KJ Hamler (16006470),KJ Hamler,16006470,WR/FLEX,3200,DEN@LAC 12/27/2020 04:05PM ET,DEN,7.48
WR,Jalen Guyton (16006472),Jalen Guyton,16006472,WR/FLEX,3200,DEN@LAC 12/27/2020 04:05PM ET,LAC,6.41
WR,Anthony Miller (16006464),Anthony Miller,16006464,WR/FLEX,3200,CHI@JAX 12/27/2020 01:00PM ET,CHI,7.39
WR,David Moore (16006466),David Moore,16006466,WR/FLEX,3200,LAR@SEA 12/27/2020 04:25PM ET,SEA,7.99
WR,Josh Reynolds (16006468),Josh Reynolds,16006468,WR/FLEX,3200,LAR@SEA 12/27/2020 04:25PM ET,LAR,7.53
WR,Alshon Jeffery (16006462),Alshon Jeffery,16006462,WR/FLEX,3200,PHI@DAL 12/27/2020 04:25PM ET,PHI,3.38
TE,Dalton Schultz (16006660),Dalton Schultz,16006660,TE/FLEX,3200,PHI@DAL 12/27/2020 04:25PM ET,DAL,9.17
WR,Mecole Hardman (16006476),Mecole Hardman,16006476,WR/FLEX,3100,ATL@KC 12/27/2020 01:00PM ET,KC,8.51
WR,Miles Boykin (16006474),Miles Boykin,16006474,WR/FLEX,3100,NYG@BAL 12/27/2020 01:00PM ET,BAL,4.67
TE,Jimmy Graham (16006664),Jimmy Graham,16006664,TE/FLEX,3100,CHI@JAX 12/27/2020 01:00PM ET,CHI,8.44
DST,Rams  (16006819),Rams ,16006819,DST,3100,LAR@SEA 12/27/2020 04:25PM ET,LAR,8.93
TE,Zach Ertz (16006662),Zach Ertz,16006662,TE/FLEX,3100,PHI@DAL 12/27/2020 04:25PM ET,PHI,7.4
WR,Steven Sims Jr. (16006478),Steven Sims Jr.,16006478,WR/FLEX,3000,CAR@WAS 12/27/2020 04:05PM ET,WAS,4.77
WR,Dontrelle Inman (16006482),Dontrelle Inman,16006482,WR/FLEX,3000,CAR@WAS 12/27/2020 04:05PM ET,WAS,6.61
WR,Pharoh Cooper (16006618),Pharoh Cooper,16006618,WR/FLEX,3000,CAR@WAS 12/27/2020 04:05PM ET,CAR,0.8
WR,Brandon Zylstra (16006620),Brandon Zylstra,16006620,WR/FLEX,3000,CAR@WAS 12/27/2020 04:05PM ET,CAR,1.65
WR,Keith Kirkwood (16006622),Keith Kirkwood,16006622,WR/FLEX,3000,CAR@WAS 12/27/2020 04:05PM ET,CAR,2.3
WR,Omar Bayless (16006624),Omar Bayless,16006624,WR/FLEX,3000,CAR@WAS 12/27/2020 04:05PM ET,CAR,0
WR,Isaiah Wright (16006626),Isaiah Wright,16006626,WR/FLEX,3000,CAR@WAS 12/27/2020 04:05PM ET,WAS,4.73
WR,Robert Foster (16006628),Robert Foster,16006628,WR/FLEX,3000,CAR@WAS 12/27/2020 04:05PM ET,WAS,0.95
WR,Antonio Gandy-Golden (16006630),Antonio Gandy-Golden,16006630,WR/FLEX,3000,CAR@WAS 12/27/2020 04:05PM ET,WAS,0.88
WR,Kelvin Harmon (16006632),Kelvin Harmon,16006632,WR/FLEX,3000,CAR@WAS 12/27/2020 04:05PM ET,WAS,0
WR,Emanuel Hall (16006634),Emanuel Hall,16006634,WR/FLEX,3000,CAR@WAS 12/27/2020 04:05PM ET,WAS,0
DST,WAS Football Team  (16006820),WAS Football Team ,16006820,DST,3000,CAR@WAS 12/27/2020 04:05PM ET,WAS,7.71
WR,Ray-Ray McCloud III (16006606),Ray-Ray McCloud III,16006606,WR/FLEX,3000,IND@PIT 12/27/2020 01:00PM ET,PIT,2.25
WR,Ashton Dulin (16006608),Ashton Dulin,16006608,WR/FLEX,3000,IND@PIT 12/27/2020 01:00PM ET,IND,1.08
WR,Marcus Johnson (16006610),Marcus Johnson,16006610,WR/FLEX,3000,IND@PIT 12/27/2020 01:00PM ET,IND,4.72
WR,DeMichael Harris (16006612),DeMichael Harris,16006612,WR/FLEX,3000,IND@PIT 12/27/2020 01:00PM ET,IND,3.75
WR,Dezmon Patmon (16006614),Dezmon Patmon,16006614,WR/FLEX,3000,IND@PIT 12/27/2020 01:00PM ET,IND,0
WR,Parris Campbell (16006616),Parris Campbell,16006616,WR/FLEX,3000,IND@PIT 12/27/2020 01:00PM ET,IND,7.35
WR,Byron Pringle (16006596),Byron Pringle,16006596,WR/FLEX,3000,ATL@KC 12/27/2020 01:00PM ET,KC,3.22
WR,Brandon Powell (16006598),Brandon Powell,16006598,WR/FLEX,3000,ATL@KC 12/27/2020 01:00PM ET,ATL,2.17
WR,Christian Blake (16006600),Christian Blake,16006600,WR/FLEX,3000,ATL@KC 12/27/2020 01:00PM ET,ATL,3.01
WR,Laquon Treadwell (16006602),Laquon Treadwell,16006602,WR/FLEX,3000,ATL@KC 12/27/2020 01:00PM ET,ATL,5.15
WR,Olamide Zaccheaus (16006604),Olamide Zaccheaus,16006604,WR/FLEX,3000,ATL@KC 12/27/2020 01:00PM ET,ATL,5.64
WR,K.J. Hill (16006584),K.J. Hill,16006584,WR/FLEX,3000,DEN@LAC 12/27/2020 04:05PM ET,LAC,1.21
WR,Joe Reed (16006586),Joe Reed,16006586,WR/FLEX,3000,DEN@LAC 12/27/2020 04:05PM ET,LAC,0.99
WR,DaeSean Hamilton (16006588),DaeSean Hamilton,16006588,WR/FLEX,3000,DEN@LAC 12/27/2020 04:05PM ET,DEN,4.68
WR,Diontae Spencer (16006590),Diontae Spencer,16006590,WR/FLEX,3000,DEN@LAC 12/27/2020 04:05PM ET,DEN,0.96
WR,Tyrie Cleveland (16006592),Tyrie Cleveland,16006592,WR/FLEX,3000,DEN@LAC 12/27/2020 04:05PM ET,DEN,0.63
WR,Courtland Sutton (16006594),Courtland Sutton,16006594,WR/FLEX,3000,DEN@LAC 12/27/2020 04:05PM ET,DEN,9.6
WR,Braxton Berrios (16006566),Braxton Berrios,16006566,WR/FLEX,3000,CLE@NYJ 12/27/2020 01:00PM ET,NYJ,5.41
WR,Jeff Smith (16006568),Jeff Smith,16006568,WR/FLEX,3000,CLE@NYJ 12/27/2020 01:00PM ET,NYJ,4.21
WR,Vyncint Smith (16006570),Vyncint Smith,16006570,WR/FLEX,3000,CLE@NYJ 12/27/2020 01:00PM ET,NYJ,0.77
WR,Lawrence Cager (16006572),Lawrence Cager,16006572,WR/FLEX,3000,CLE@NYJ 12/27/2020 01:00PM ET,NYJ,2.75
WR,KhaDarel Hodge (16006574),KhaDarel Hodge,16006574,WR/FLEX,3000,CLE@NYJ 12/27/2020 01:00PM ET,CLE,4.08
WR,Marvin Hall (16006576),Marvin Hall,16006576,WR/FLEX,3000,CLE@NYJ 12/27/2020 01:00PM ET,CLE,5.56
WR,Taywan Taylor (16006578),Taywan Taylor,16006578,WR/FLEX,3000,CLE@NYJ 12/27/2020 01:00PM ET,CLE,0
WR,Odell Beckham Jr. (16006580),Odell Beckham Jr.,16006580,WR/FLEX,3000,CLE@NYJ 12/27/2020 01:00PM ET,CLE,12.40
WR,JoJo Natson (16006582),JoJo Natson,16006582,WR/FLEX,3000,CLE@NYJ 12/27/2020 01:00PM ET,CLE,0.1
WR,Dez Bryant (16006544),Dez Bryant,16006544,WR/FLEX,3000,NYG@BAL 12/27/2020 01:00PM ET,BAL,4.97
WR,Devin Duvernay (16006546),Devin Duvernay,16006546,WR/FLEX,3000,NYG@BAL 12/27/2020 01:00PM ET,BAL,3.78
WR,James Proche (16006548),James Proche,16006548,WR/FLEX,3000,NYG@BAL 12/27/2020 01:00PM ET,BAL,0.18
WR,Chris Moore (16006550),Chris Moore,16006550,WR/FLEX,3000,NYG@BAL 12/27/2020 01:00PM ET,BAL,0
WR,Antoine Wesley (16006552),Antoine Wesley,16006552,WR/FLEX,3000,NYG@BAL 12/27/2020 01:00PM ET,BAL,0
WR,DeAndrew White (16006554),DeAndrew White,16006554,WR/FLEX,3000,NYG@BAL 12/27/2020 01:00PM ET,BAL,0
WR,Austin Mack (16006556),Austin Mack,16006556,WR/FLEX,3000,NYG@BAL 12/27/2020 01:00PM ET,NYG,4.73
WR,C.J. Board (16006558),C.J. Board,16006558,WR/FLEX,3000,NYG@BAL 12/27/2020 01:00PM ET,NYG,1.88
WR,Dante Pettis (16006560),Dante Pettis,16006560,WR/FLEX,3000,NYG@BAL 12/27/2020 01:00PM ET,NYG,-0.25
WR,David Sills (16006562),David Sills,16006562,WR/FLEX,3000,NYG@BAL 12/27/2020 01:00PM ET,NYG,0
WR,Cody Core (16006564),Cody Core,16006564,WR/FLEX,3000,NYG@BAL 12/27/2020 01:00PM ET,NYG,0
WR,Alex Erickson (16006526),Alex Erickson,16006526,WR/FLEX,3000,CIN@HOU 12/27/2020 01:00PM ET,CIN,0.56
WR,Mike Thomas (16006528),Mike Thomas,16006528,WR/FLEX,3000,CIN@HOU 12/27/2020 01:00PM ET,CIN,3.13
WR,Stanley Morgan (16006530),Stanley Morgan,16006530,WR/FLEX,3000,CIN@HOU 12/27/2020 01:00PM ET,CIN,0
WR,Auden Tate (16006532),Auden Tate,16006532,WR/FLEX,3000,CIN@HOU 12/27/2020 01:00PM ET,CIN,3.62
WR,John Ross III (16006534),John Ross III,16006534,WR/FLEX,3000,CIN@HOU 12/27/2020 01:00PM ET,CIN,1.85
WR,Steven Mitchell Jr. (16006536),Steven Mitchell Jr.,16006536,WR/FLEX,3000,CIN@HOU 12/27/2020 01:00PM ET,HOU,3.4
WR,Isaiah Coulter (16006538),Isaiah Coulter,16006538,WR/FLEX,3000,CIN@HOU 12/27/2020 01:00PM ET,HOU,0
WR,Will Fuller V (16006540),Will Fuller V,16006540,WR/FLEX,3000,CIN@HOU 12/27/2020 01:00PM ET,HOU,18.54
WR,Randall Cobb (16006542),Randall Cobb,16006542,WR/FLEX,3000,CIN@HOU 12/27/2020 01:00PM ET,HOU,10.01
WR,Collin Johnson (16006480),Collin Johnson,16006480,WR/FLEX,3000,CHI@JAX 12/27/2020 01:00PM ET,JAX,5.38
WR,Chris Conley (16006512),Chris Conley,16006512,WR/FLEX,3000,CHI@JAX 12/27/2020 01:00PM ET,JAX,6.39
WR,Dede Westbrook (16006514),Dede Westbrook,16006514,WR/FLEX,3000,CHI@JAX 12/27/2020 01:00PM ET,JAX,0.2
WR,Cordarrelle Patterson (16006516),Cordarrelle Patterson,16006516,WR/FLEX,3000,CHI@JAX 12/27/2020 01:00PM ET,CHI,4.83
WR,Javon Wims (16006518),Javon Wims,16006518,WR/FLEX,3000,CHI@JAX 12/27/2020 01:00PM ET,CHI,1.7
WR,Riley Ridley (16006520),Riley Ridley,16006520,WR/FLEX,3000,CHI@JAX 12/27/2020 01:00PM ET,CHI,3.95
WR,DeAndre Carter (16006522),DeAndre Carter,16006522,WR/FLEX,3000,CHI@JAX 12/27/2020 01:00PM ET,CHI,0.07
WR,Dwayne Harris (16006524),Dwayne Harris,16006524,WR/FLEX,3000,CHI@JAX 12/27/2020 01:00PM ET,CHI,-0.33
TE,Cole Kmet (16006668),Cole Kmet,16006668,TE/FLEX,3000,CHI@JAX 12/27/2020 01:00PM ET,CHI,3.8
TE,Tyler Eifert (16006670),Tyler Eifert,16006670,TE/FLEX,3000,CHI@JAX 12/27/2020 01:00PM ET,JAX,5.94
WR,Freddie Swain (16006498),Freddie Swain,16006498,WR/FLEX,3000,LAR@SEA 12/27/2020 04:25PM ET,SEA,3.72
WR,Penny Hart (16006500),Penny Hart,16006500,WR/FLEX,3000,LAR@SEA 12/27/2020 04:25PM ET,SEA,0.53
WR,Josh Gordon (16006502),Josh Gordon,16006502,WR/FLEX,3000,LAR@SEA 12/27/2020 04:25PM ET,SEA,0
WR,Phillip Dorsett II (16006504),Phillip Dorsett II,16006504,WR/FLEX,3000,LAR@SEA 12/27/2020 04:25PM ET,SEA,0
WR,Van Jefferson Jr. (16006506),Van Jefferson Jr.,16006506,WR/FLEX,3000,LAR@SEA 12/27/2020 04:25PM ET,LAR,3.16
WR,Nsimba Webster (16006508),Nsimba Webster,16006508,WR/FLEX,3000,LAR@SEA 12/27/2020 04:25PM ET,LAR,-0.07
WR,Trishton Jackson (16006510),Trishton Jackson,16006510,WR/FLEX,3000,LAR@SEA 12/27/2020 04:25PM ET,LAR,0
WR,Quez Watkins (16006484),Quez Watkins,16006484,WR/FLEX,3000,PHI@DAL 12/27/2020 04:25PM ET,PHI,4.77
WR,John Hightower (16006486),John Hightower,16006486,WR/FLEX,3000,PHI@DAL 12/27/2020 04:25PM ET,PHI,3.19
WR,JJ Arcega-Whiteside (16006488),JJ Arcega-Whiteside,16006488,WR/FLEX,3000,PHI@DAL 12/27/2020 04:25PM ET,PHI,2.9
WR,DeSean Jackson (16006490),DeSean Jackson,16006490,WR/FLEX,3000,PHI@DAL 12/27/2020 04:25PM ET,PHI,7.42
WR,Noah Brown (16006492),Noah Brown,16006492,WR/FLEX,3000,PHI@DAL 12/27/2020 04:25PM ET,DAL,2.98
WR,Cedrick Wilson (16006494),Cedrick Wilson,16006494,WR/FLEX,3000,PHI@DAL 12/27/2020 04:25PM ET,DAL,4.44
WR,Malik Turner (16006496),Malik Turner,16006496,WR/FLEX,3000,PHI@DAL 12/27/2020 04:25PM ET,DAL,0
TE,Drew Sample (16006674),Drew Sample,16006674,TE/FLEX,2900,CIN@HOU 12/27/2020 01:00PM ET,CIN,4.9
TE,Jacob Hollister (16006672),Jacob Hollister,16006672,TE/FLEX,2900,LAR@SEA 12/27/2020 04:25PM ET,SEA,4.55
DST,Eagles  (16006821),Eagles ,16006821,DST,2900,PHI@DAL 12/27/2020 04:25PM ET,PHI,6.79
TE,Jack Doyle (16006676),Jack Doyle,16006676,TE/FLEX,2800,IND@PIT 12/27/2020 01:00PM ET,IND,4.67
DST,Texans  (16006822),Texans ,16006822,DST,2800,CIN@HOU 12/27/2020 01:00PM ET,HOU,3.71
TE,Gerald Everett (16006678),Gerald Everett,16006678,TE/FLEX,2800,LAR@SEA 12/27/2020 04:25PM ET,LAR,6.62
DST,Panthers  (16006823),Panthers ,16006823,DST,2700,CAR@WAS 12/27/2020 04:05PM ET,CAR,5.5
TE,Trey Burton (16006680),Trey Burton,16006680,TE/FLEX,2700,IND@PIT 12/27/2020 01:00PM ET,IND,7.14
DST,Seahawks  (16006824),Seahawks ,16006824,DST,2600,LAR@SEA 12/27/2020 04:25PM ET,SEA,6.5
TE,Ian Thomas (16006798),Ian Thomas,16006798,TE/FLEX,2500,CAR@WAS 12/27/2020 04:05PM ET,CAR,3.3
TE,Chris Manhertz (16006800),Chris Manhertz,16006800,TE/FLEX,2500,CAR@WAS 12/27/2020 04:05PM ET,CAR,1.6
TE,Colin Thompson (16006802),Colin Thompson,16006802,TE/FLEX,2500,CAR@WAS 12/27/2020 04:05PM ET,CAR,3.85
TE,Jeremy Sprinkle (16006804),Jeremy Sprinkle,16006804,TE/FLEX,2500,CAR@WAS 12/27/2020 04:05PM ET,WAS,0.27
TE,Marcus Baugh (16006806),Marcus Baugh,16006806,TE/FLEX,2500,CAR@WAS 12/27/2020 04:05PM ET,WAS,1.2
TE,Temarrick Hemingway (16006808),Temarrick Hemingway,16006808,TE/FLEX,2500,CAR@WAS 12/27/2020 04:05PM ET,WAS,0.67
TE,Thaddeus Moss (16006810),Thaddeus Moss,16006810,TE/FLEX,2500,CAR@WAS 12/27/2020 04:05PM ET,WAS,0
TE,Kevin Rader (16006790),Kevin Rader,16006790,TE/FLEX,2500,IND@PIT 12/27/2020 01:00PM ET,PIT,0
TE,Zach Gentry (16006792),Zach Gentry,16006792,TE/FLEX,2500,IND@PIT 12/27/2020 01:00PM ET,PIT,0
TE,Mo Alie-Cox (16006794),Mo Alie-Cox,16006794,TE/FLEX,2500,IND@PIT 12/27/2020 01:00PM ET,IND,6.26
TE,Noah Togiai (16006796),Noah Togiai,16006796,TE/FLEX,2500,IND@PIT 12/27/2020 01:00PM ET,IND,0
TE,Nick Keizer (16006778),Nick Keizer,16006778,TE/FLEX,2500,ATL@KC 12/27/2020 01:00PM ET,KC,1.03
TE,Deon Yelder (16006780),Deon Yelder,16006780,TE/FLEX,2500,ATL@KC 12/27/2020 01:00PM ET,KC,1.45
TE,Ricky Seals-Jones (16006782),Ricky Seals-Jones,16006782,TE/FLEX,2500,ATL@KC 12/27/2020 01:00PM ET,KC,0
TE,James Winchester (16006784),James Winchester,16006784,TE/FLEX,2500,ATL@KC 12/27/2020 01:00PM ET,KC,0
TE,Jaeden Graham (16006786),Jaeden Graham,16006786,TE/FLEX,2500,ATL@KC 12/27/2020 01:00PM ET,ATL,0.69
TE,Luke Stocker (16006788),Luke Stocker,16006788,TE/FLEX,2500,ATL@KC 12/27/2020 01:00PM ET,ATL,0.91
TE,Donald Parham Jr. (16006760),Donald Parham Jr.,16006760,TE/FLEX,2500,DEN@LAC 12/27/2020 04:05PM ET,LAC,2.72
TE,Stephen Anderson (16006762),Stephen Anderson,16006762,TE/FLEX,2500,DEN@LAC 12/27/2020 04:05PM ET,LAC,0.32
TE,Virgil Green (16006764),Virgil Green,16006764,TE/FLEX,2500,DEN@LAC 12/27/2020 04:05PM ET,LAC,2.33
TE,Nick Vannett (16006766),Nick Vannett,16006766,TE/FLEX,2500,DEN@LAC 12/27/2020 04:05PM ET,DEN,2.68
TE,Troy Fumagalli (16006768),Troy Fumagalli,16006768,TE/FLEX,2500,DEN@LAC 12/27/2020 04:05PM ET,DEN,2.5
TE,Albert Okwuegbunam (16006770),Albert Okwuegbunam,16006770,TE/FLEX,2500,DEN@LAC 12/27/2020 04:05PM ET,DEN,7.28
TE,Jake Butt (16006772),Jake Butt,16006772,TE/FLEX,2500,DEN@LAC 12/27/2020 04:05PM ET,DEN,0.62
TE,Austin Fort (16006774),Austin Fort,16006774,TE/FLEX,2500,DEN@LAC 12/27/2020 04:05PM ET,DEN,0
TE,Andrew Beck (16006776),Andrew Beck,16006776,TE/FLEX,2500,DEN@LAC 12/27/2020 04:05PM ET,DEN,0
TE,Chris Herndon (16006744),Chris Herndon,16006744,TE/FLEX,2500,CLE@NYJ 12/27/2020 01:00PM ET,NYJ,3.91
TE,Ryan Griffin (16006746),Ryan Griffin,16006746,TE/FLEX,2500,CLE@NYJ 12/27/2020 01:00PM ET,NYJ,1.96
TE,Trevon Wesco (16006748),Trevon Wesco,16006748,TE/FLEX,2500,CLE@NYJ 12/27/2020 01:00PM ET,NYJ,0.5
TE,Daniel Brown (16006750),Daniel Brown,16006750,TE/FLEX,2500,CLE@NYJ 12/27/2020 01:00PM ET,NYJ,0
TE,Ross Travis (16006752),Ross Travis,16006752,TE/FLEX,2500,CLE@NYJ 12/27/2020 01:00PM ET,NYJ,0
TE,Harrison Bryant (16006754),Harrison Bryant,16006754,TE/FLEX,2500,CLE@NYJ 12/27/2020 01:00PM ET,CLE,4.76
TE,David Njoku (16006756),David Njoku,16006756,TE/FLEX,2500,CLE@NYJ 12/27/2020 01:00PM ET,CLE,4.71
TE,Stephen Carlson (16006758),Stephen Carlson,16006758,TE/FLEX,2500,CLE@NYJ 12/27/2020 01:00PM ET,CLE,0.68
TE,Eric Tomlinson (16006736),Eric Tomlinson,16006736,TE/FLEX,2500,NYG@BAL 12/27/2020 01:00PM ET,BAL,0
TE,Nick Boyle (16006738),Nick Boyle,16006738,TE/FLEX,2500,NYG@BAL 12/27/2020 01:00PM ET,BAL,4.14
TE,Kaden Smith (16006740),Kaden Smith,16006740,TE/FLEX,2500,NYG@BAL 12/27/2020 01:00PM ET,NYG,2.05
TE,Levine Toilolo (16006742),Levine Toilolo,16006742,TE/FLEX,2500,NYG@BAL 12/27/2020 01:00PM ET,NYG,1.09
DST,Giants  (16006825),Giants ,16006825,DST,2500,NYG@BAL 12/27/2020 01:00PM ET,NYG,6.57
TE,Cethan Carter (16006722),Cethan Carter,16006722,TE/FLEX,2500,CIN@HOU 12/27/2020 01:00PM ET,CIN,0.66
TE,Mason Schreck (16006724),Mason Schreck,16006724,TE/FLEX,2500,CIN@HOU 12/27/2020 01:00PM ET,CIN,0
TE,C.J. Uzomah (16006726),C.J. Uzomah,16006726,TE/FLEX,2500,CIN@HOU 12/27/2020 01:00PM ET,CIN,11.35
TE,Clark Harris (16006728),Clark Harris,16006728,TE/FLEX,2500,CIN@HOU 12/27/2020 01:00PM ET,CIN,0
TE,Pharaoh Brown (16006730),Pharaoh Brown,16006730,TE/FLEX,2500,CIN@HOU 12/27/2020 01:00PM ET,HOU,2.82
TE,Darren Fells (16006732),Darren Fells,16006732,TE/FLEX,2500,CIN@HOU 12/27/2020 01:00PM ET,HOU,6.09
TE,Kahale Warring (16006734),Kahale Warring,16006734,TE/FLEX,2500,CIN@HOU 12/27/2020 01:00PM ET,HOU,1.73
TE,James O'Shaughnessy (16006704),James O'Shaughnessy,16006704,TE/FLEX,2500,CHI@JAX 12/27/2020 01:00PM ET,JAX,3.72
TE,Eric Saubert (16006706),Eric Saubert,16006706,TE/FLEX,2500,CHI@JAX 12/27/2020 01:00PM ET,JAX,0.68
TE,Tyler Davis (16006708),Tyler Davis,16006708,TE/FLEX,2500,CHI@JAX 12/27/2020 01:00PM ET,JAX,0
TE,Ben Ellefson (16006710),Ben Ellefson,16006710,TE/FLEX,2500,CHI@JAX 12/27/2020 01:00PM ET,JAX,1.33
TE,Josh Oliver (16006712),Josh Oliver,16006712,TE/FLEX,2500,CHI@JAX 12/27/2020 01:00PM ET,JAX,0
TE,Demetrius Harris (16006714),Demetrius Harris,16006714,TE/FLEX,2500,CHI@JAX 12/27/2020 01:00PM ET,CHI,1.15
TE,J.P. Holtz (16006716),J.P. Holtz,16006716,TE/FLEX,2500,CHI@JAX 12/27/2020 01:00PM ET,CHI,0
TE,Darion Clark (16006718),Darion Clark,16006718,TE/FLEX,2500,CHI@JAX 12/27/2020 01:00PM ET,CHI,0
TE,Patrick Scales (16006720),Patrick Scales,16006720,TE/FLEX,2500,CHI@JAX 12/27/2020 01:00PM ET,CHI,0
TE,Will Dissly (16006692),Will Dissly,16006692,TE/FLEX,2500,LAR@SEA 12/27/2020 04:25PM ET,SEA,4.11
TE,Colby Parkinson (16006694),Colby Parkinson,16006694,TE/FLEX,2500,LAR@SEA 12/27/2020 04:25PM ET,SEA,3.6
TE,Greg Olsen (16006696),Greg Olsen,16006696,TE/FLEX,2500,LAR@SEA 12/27/2020 04:25PM ET,SEA,5.14
TE,Tyler Ott (16006698),Tyler Ott,16006698,TE/FLEX,2500,LAR@SEA 12/27/2020 04:25PM ET,SEA,0
TE,Johnny Mundt (16006700),Johnny Mundt,16006700,TE/FLEX,2500,LAR@SEA 12/27/2020 04:25PM ET,LAR,3.1
TE,Brycen Hopkins (16006702),Brycen Hopkins,16006702,TE/FLEX,2500,LAR@SEA 12/27/2020 04:25PM ET,LAR,0
TE,Richard Rodgers (16006682),Richard Rodgers,16006682,TE/FLEX,2500,PHI@DAL 12/27/2020 04:25PM ET,PHI,8.81
TE,Joshua Perkins (16006684),Joshua Perkins,16006684,TE/FLEX,2500,PHI@DAL 12/27/2020 04:25PM ET,PHI,0
TE,Blake Bell (16006686),Blake Bell,16006686,TE/FLEX,2500,PHI@DAL 12/27/2020 04:25PM ET,DAL,2.05
TE,Sean McKeon (16006688),Sean McKeon,16006688,TE/FLEX,2500,PHI@DAL 12/27/2020 04:25PM ET,DAL,0
TE,Blake Jarwin (16006690),Blake Jarwin,16006690,TE/FLEX,2500,PHI@DAL 12/27/2020 04:25PM ET,DAL,2.2
DST,Cowboys  (16006826),Cowboys ,16006826,DST,2400,PHI@DAL 12/27/2020 04:25PM ET,DAL,4.43
DST,Broncos  (16006827),Broncos ,16006827,DST,2300,DEN@LAC 12/27/2020 04:05PM ET,DEN,4.64
DST,Bengals  (16006828),Bengals ,16006828,DST,2300,CIN@HOU 12/27/2020 01:00PM ET,CIN,3.21
DST,Jaguars  (16006829),Jaguars ,16006829,DST,2200,CHI@JAX 12/27/2020 01:00PM ET,JAX,3.86
DST,Jets  (16006830),Jets ,16006830,DST,2000,CLE@NYJ 12/27/2020 01:00PM ET,NYJ,4
DST,Falcons  (16006831),Falcons ,16006831,DST,1900,ATL@KC 12/27/2020 01:00PM ET,ATL,4.86
